address,email,name,user_id
"Unit 8958 Box 2084
DPO AP 99114",christopher70@gmail.com,Daniel Cooper,0
"885 Cohen Place Suite 813
West Trevorborough, DE 13431",amber11@kelley.com,Stacy Brown,1
"4315 Suarez Extension Apt. 624
Amyton, NE 79537",smithtracy@hotmail.com,Amanda Jackson,2
"USNS David
FPO AP 27521",amy94@evans.net,Lisa Mitchell,3
"USNS Delgado
FPO AE 91563",ocurry@gmail.com,Kelsey Lynch,4
"766 Harris Burg Suite 089
Hallton, VT 34401",michellerosales@downs.com,Kim Stevens,5
"PSC 6568, Box 2835
APO AA 62383",pbowen@nichols.com,Jeremiah Johnson,6
"518 Taylor Spring Suite 921
Patrickstad, ME 90864",tarablake@mack.info,Sabrina Michael,7
"11021 Smith Meadows
Gatesview, MS 63383",brittanyjones@nunez.org,Jennifer Casey,8
"98704 Dillon Courts Apt. 634
Hudsonfort, SC 92631",macdonaldwilliam@gmail.com,Nicole Parker,9
"Unit 7532 Box 1063
DPO AP 24175",johnduran@kent.info,Jerry Wu,10
"65328 James Unions
West Gavin, GA 77215",woodtina@taylor-phillips.com,Jordan Morgan,11
"33402 Shaffer Ports
Brittanyborough, IA 77760",crawfordbryan@parker.com,Kathleen Hernandez,12
"PSC 0267, Box 4905
APO AP 52888",hansondanielle@hotmail.com,Steven Mcgee,13
"USCGC Greene
FPO AA 87507",calebroberts@yahoo.com,Andre Ingram,14
"6386 Anderson Fields Apt. 343
Wyattland, SD 85852",joseph51@hotmail.com,Michael Williams,15
"06991 Hernandez Stream Suite 413
Charlesbury, UT 32927",otodd@sanchez.com,Jared Hart,16
"181 Ann Cape
Bakerport, PA 91809",dpeterson@yahoo.com,Kristin Mack,17
"84709 Young Manors
Mcclureside, MD 58369",sherryortiz@bailey-lynch.com,David Turner MD,18
"455 Payne Freeway
Laurenfort, NM 05557",campbellbrian@miller.com,Gloria Irwin,19
"87417 Nelson Walks Suite 286
North Danafurt, NH 73938",wattsjohnny@parker.com,Crystal Roth,20
"USNS Davis
FPO AP 01494",lcaldwell@hotmail.com,George Clark,21
"951 Julie Turnpike Apt. 852
Port Mandyville, CA 13324",zcaldwell@knight-foster.com,Brian Jackson,22
"997 Owens Walks
Ericborough, WV 48458",alexanderkoch@gmail.com,Gregory Hill,23
"8338 Gabrielle Spur
Mannside, VT 04052",hectorbryant@fisher-coleman.com,Amanda Powell,24
"89243 Jonathan Club
Stevensonville, VT 69792",phillipspeter@gmail.com,Jennifer West,25
"304 Gregory Ridges Apt. 058
Port Jamesfurt, MS 31629",sarah00@yahoo.com,Matthew Blake,26
"USNV Barber
FPO AA 81484",ncampbell@miller.com,Abigail Walker,27
"8028 Jeffrey Crescent Apt. 470
East Rhonda, AL 55359",kjackson@diaz.net,Susan Baker DDS,28
"719 Laura Roads Apt. 094
Lake Dominicburgh, ND 97877",angelablack@gmail.com,Dr. Brittany Owens MD,29
